   ,TOTAL CARTERA POR VENCER,CARTERA DE CRÉDITO PRODUCTIVO POR VENCER,a.DE 1 A 30 DÍAS,a.DE 31 A 90 DÍAS,a.DE 91 A 180 DÍAS,a.DE 181 A 360 DÍAS,a.MÁS DE 360 DÍAS,CARTERA DE CRÉDITO CONSUMO POR VENCER,b.DE 1 A 30 DÍAS,b.DE 31 A 90 DÍAS,b.DE 91 A 180 DÍAS,b.MÁS DE 180 DIAS,CARTERA DE CREDITO INMOBILIARIO POR VENCER,c.DE 1 A 30 DÍAS,c.DE 31 A 90 DÍAS,c.DE 91 A 360DÍAS,c.MÁS DE 360 DÍAS,CARTERA DE MICROCRÉDITO POR VENCER,d.DE 1 A 30 DÍAS,d.DE 31 A 90 DÍAS,d.DE 91 A 180 DÍAS,d.DE 181 A 360 DÍAS,d.MÁS DE 360 DÍAS,CARTERA DE VIVIENDA DE INTERÉS PUBLICO POR VENCER,h.DE 1 A 30 DÍAS,h.DE 31 A 90 DÍAS,h.DE 91 A  360 DÍAS,h.MÁS DE 360 DÍAS,CARTERA DE CRÉDITO EDUCATIVO POR VENCER,i.DE 1 A 30 DÍAS,i.DE 31 A 90 DÍAS,i.DE 91 A 180 DÍAS,i.DE 181 A 360 DÍAS,i.MÁS DE 360 DÍAS,TOTAL CARTERA QUE NO DEVENGA INTERES,CARTERA DE CRÉDITO PRODUCTIVO QUE NO DEVENGA INTERESES,j.DE 1 A 30 DÍAS,j.DE 31 A 90 DÍAS,j.DE 91 A 180 DÍAS,j.DE 181 A 360 DÍAS,j.MÁS DE 360 DÍAS,CARTERA DE CRÉDITO CONSUMO QUE NO DEVENGA INTERESES,k.DE 1 A 30 DÍAS,k.DE 31 A 90 DÍAS,k.DE 91 A 180 DÍAS,k.MÁS DE 180 DÍAS,CARTERA DE CREDITO INMOBILIARIO QUE NO DEVENGA INTERESES,l.DE 1 A 30 DÍAS,l.DE 31 A 90 DÍAS,l.DE 91 A 360 DÍAS,l.MÁS DE 360 DÍAS,CARTERA DE MICROCRÉDITO QUE NO DEVENGA INTERESES,m.DE 1 A 30 DÍAS,m.DE 31 A 90 DÍAS,m.DE 91 A 180 DÍAS,m.DE 181 A 360 DÍAS,m.MÁS DE 360 DÍAS,CARTERA DE VIVIENDA DE INTERÉS PUBLICO QUE NO DEVENGA INTERESES,p.DE 1 A 30 DÍAS,p.DE 31 A 90 DÍAS,p.DE 91 A 360 DÍAS,p.MÁS DE 360 DÍAS,CARTERA DE CRÉDITO EDUCATIVO QUE NO DEVENGA INTERESES,q.DE 1 A 30 DÍAS,q.DE 31 A 90 DÍAS,q.DE 91 A 180 DÍAS,q.DE 181 A 360 DÍAS,q.MÁS DE 360 DÍAS,TOTAL CARTERA VENCIDA,CARTERA DE CRÉDITO PRODUCTIVO VENCIDA,r.DE 1 A 30 DÍAS,r.DE 31 A 90 DÍAS,r.DE 91 A 180 DÍAS,r.DE 181 A 360 DÍAS,r.MÁS DE 360 DÍAS,CARTERA DE CRÉDITO CONSUMO VENCIDA,s.DE 1 A 30 DÍAS,s.DE 31 A 90 DÍAS,s.DE 91 A 180 DÍAS,s.MÁS DE 180 DÍAS,CARTERA DE CREDITO INMOBILIARIO VENCIDA,t.De 1 a 30 días,t.De 31 a 90 días,t.De 91 a 360 DÍAS,t.MAS DE 360 DÍAS,CARTERA DE MICROCRÉDITO VENCIDA,u.DE 1 A 30 DÍAS,u.DE 31 A 90 DÍAS,u.DE 91 A 180 DÍAS,u.DE 181 A 360 DÍAS,u.MÁS DE 360 DÍAS,CARTERA DE VIVIENDA DE INTERÉS PUBLICO VENCIDA,y.De 1 a 30 días,y.De 31 a 90 días,y.De 91 a  360 DÍAS,y.MÁS DE 360 DÍAS ,CARTERA DE CRÉDITO EDUCATIVO VENCIDA,z.DE 1 A 30 DÍAS,z.DE 31 A 90 DÍAS,z.DE 91 A 180 DÍAS,z.DE 181 A 360 DÍAS,z.MÁS DE 360 DÍAS,TOTAL CARTERA IMPRODUCTIVA,TOTAL CARTERA BRUTA,PROVISIONES,TOTAL CARTERA NETA
15 DE ABRIL LTDA,77941269.57999998,1473446.98,17553.26,33996.46,60306.36,128985.18999999999,1232605.71,37548857.64,520678.89,1240232.4,2287916.49,33500029.86,12284086.809999999,62701.48,272114.99,759007.83,11190262.51,26634878.15,576208.38,1234707.07,2095739.96,3982204.58,18746018.159999996,0,0,0,0,0,0,0,0,0,0,0,2723998.1100000003,11389.380000000001,1102.91,1130.31,1729.82,3609.39,3816.95,667584.54,111672.43,30345.77,46425.03,479141.31000000006,140582.7,4522.74,2910.18,13713.779999999999,119436,1904441.49,299408.86,105105.54000000001,155819.61,92172.45000000001,1251935.03,0,0,0,0,0,0,0,0,0,0,0,6641553.050000001,173115.06,0,1093.56,40354.85,2764.78,128901.87,2199875.95,0,463666.41,422401.36,1313808.1800000002,234308.87000000002,0,1837.6,221967.07,10504.2,4034253.17,69690.53,272436.64,440071.33,1341661.04,1910393.63,0,0,0,0,0,0,0,0,0,0,0,9365551.16,87306820.74000001,-9584931.2,77721889.54
23 DE JULIO LIMITADA,261344132.78000003,521715.39,17253.940000000002,31055.519999999997,49672.39,84454.29999999999,339279.24,150801107.70000002,3705092.8,7075302.12,10966658.660000002,129054054.12,3570597.6500000004,67133.47000000002,128945.72,585932.86,2788585.6,106450712.04,2621521.92,5064636.09,8088163.96,15689853.200000001,74986536.87,0,0,0,0,0,0,0,0,0,0,0,9651393.73,1287.01,1287.01,0,0,0,0,4425762.1,270254.36,263733.66000000003,387765.32,3504008.76,92860.39,4601.04,6923.14,21135.120000000003,60201.09,5131484.23,340522.27,327505.58,486605.89,859780.42,3117070.0700000003,0,0,0,0,0,0,0,0,0,0,0,17280787.82,9381.74,0,561.73,557.36,564.33,7698.32,7652995.17,665835.7999999999,2706978.38,2010543.3900000001,2269637.6,312283.46,5,21666.52,83836.07,206775.87,9306127.45,1034764.45,3342756.8599999994,2505270.52,1055794.72,1367540.9000000001,0,0,0,0,0,0,0,0,0,0,0,26932181.549999997,288276314.33,-29005463.54,259270850.79
29 DE OCTUBRE LTDA,782673838.17,725600,0,0,700000,0,25600,557302626.5,11637874.579999998,24541988.78,36165351.830000006,484957411.31,105794188.13,589247.3,1181195.99,5538494.680000001,98485250.16,118851423.53999999,2101124.14,4063988.69,6410467.99,12748387.25,93527455.47,0,0,0,0,0,0,0,0,0,0,0,65498805.92,0,0,0,0,0,0,41485929.96,1855725.05,1957173.4600000002,2923247.8400000003,34749783.61,2283122.4099999997,46124.28,32381.43,140895.11,2063721.5899999999,21729753.55,911568.7200000001,959310,1444217.3900000001,2755941.67,15658715.77,0,0,0,0,0,0,0,0,0,0,0,20499413.09,42551.54,0,0,0,15911.6,26639.94,12942996.780000001,77390.68,1799882.1800000002,2328596.71,8737127.21,198044.52000000002,0,16301.150000000001,95219.46,86523.91,7315820.25,16781.04,890064.8400000001,1167759.71,2007006.1400000001,3234208.52,0,0,0,0,0,0,0,0,0,0,0,85998219.00999999,868672057.18,-92952779.62,775719277.56
9 DE OCTUBRE LTDA,77737014.24,0,0,0,0,0,0,26514154.679999996,803919.79,1794805.55,2317297.86,21598131.479999997,402414.15,4890.530000000001,8642.2,37293.759999999995,351587.66000000003,50820445.410000004,1457296.1300000001,2553912.05,3954152.4299999997,7529395.85,35325688.95,0,0,0,0,0,0,0,0,0,0,0,6278040.85,0,0,0,0,0,0,503707.60000000003,42232.159999999996,36282.91,50309.07,374883.46,0,0,0,0,0,5774333.25,332245.28,319803.1,485314.80999999994,903755.46,3733214.5999999996,0,0,0,0,0,0,0,0,0,0,0,2007006.04,0,0,0,0,0,0,503601.26,4,55839.85,65763.09,381994.32,2,0,0,0,2,1503402.78,17,290846.44999999995,312707.4,445011.52,454820.41,0,0,0,0,0,0,0,0,0,0,0,8285046.89,86022061.13,-7986055.74,78036005.39
ALFONSO JARAMILLO LEON CAJA,118895427.43,2968823.34,149596.34,477837.54,311006.81,397209.42,1633173.23,104149874.78,2444915.99,4267910.319999999,6460711.63,90976336.84,0,0,0,0,0,11776729.31,426460.23,722438.7999999999,1020646.0399999999,1806201.9100000001,7800982.33,0,0,0,0,0,0,0,0,0,0,0,5584841.430000001,97727.98000000001,10621.34,3714.14,5740.97,11901.09,65750.44,4235578.62,240766.84,228898.23,321114.55,3444799.0000000005,0,0,0,0,0,1251534.83,114858.56999999999,105904.40000000001,134712.88,229125.06999999998,666933.91,0,0,0,0,0,0,0,0,0,0,0,2983619.08,163554.12,0,12809.86,14907.73,26017.98,109818.55,1700992.1999999997,0,242472.87,270476.52999999997,1188042.7999999998,0,0,0,0,0,1119072.76,0,111209.4,144674.30000000002,198338.85,664850.21,0,0,0,0,0,0,0,0,0,0,0,8568460.509999998,127463887.94,-8735621.52,118728266.42
ALIANZA DEL VALLE LIMITADA,951622977.49,0,0,0,0,0,0,215502633.71,5367675.890000001,10808038.31,16674227.58,182652691.93,298749.79,8046.73,17842,104054.36,168806.69999999998,735821593.99,13028623.33,26374709.459999997,44813400.34,90784920.11,560819940.75,0,0,0,0,0,0,0,0,0,0,0,43418680.419999994,0,0,0,0,0,0,5390554.260000001,216767.59000000003,244138.81,361294.98000000004,4568352.880000001,0,0,0,0,0,38028126.16,1154493.1,1426641.8900000001,2106566.53,3959905.8,29380518.84,0,0,0,0,0,0,0,0,0,0,0,34053069.44,0,0,0,0,0,0,3824442.39,49030.74,369960.43,1357421.2100000002,2048030.01,4,0,0,0,4,30228623.049999997,184167.49999999997,1676604.8,12377367.95,11803433.95,4187048.8499999996,0,0,0,0,0,0,0,0,0,0,0,77471749.86000001,1029094727.35,-85077468.01,944017259.34
AMBATO LTDA,239919945.46,223333.3,4431.27,5191.48,10479.95,21317.3,181913.3,95171020.71,2942494.8499999996,5358688.91,7961532.1,78908304.85,2671134.08,23511.55,39957.95,194849.74,2412814.84,141799304.33,4953989.34,7926622.430000001,12435101.040000001,23095633.32,93387958.2,0,0,0,0,0,55153.04,2452.95,5080.68,7386.43,13460.96,26772.02,14828478.220000003,0,0,0,0,0,0,2660290.9000000004,211144.24000000002,194434.19,287325.77,1967386.7000000002,125417.95,2916.16,2001.41,9131.73,111368.65,12042769.370000001,941827.6900000001,800314.9500000001,1227853.72,2171691.8800000004,6901081.130000001,0,0,0,0,0,0,0,0,0,0,0,7041810.91,0,0,0,0,0,0,1052008.48,18,174179.47,198997.8,678813.21,10538.23,0,942,5577.92,4018.31,5979264.2,155,760228.8899999999,977405.41,1619865.16,2621609.74,0,0,0,0,0,0,0,0,0,0,0,21870289.129999995,261790234.59,-27317356.34,234472878.25
ANDALUCIA LIMITADA,394659082.3,0,0,0,0,0,0,272630707.59,4924103.5600000005,7314894.66,11431935.11,248959774.26,40391206.910000004,271148.89,549981.68,2600992.46,36969083.88,81637167.8,1164252.12,2415139.64,4107993.19,8173178.74,65776604.11,0,0,0,0,0,0,0,0,0,0,0,8130321.59,0,0,0,0,0,0,5428940.64,272400.41000000003,221388.45,323168.75,4611983.029999999,530491.93,18769.309999999998,8886.48,31230.01,471606.13,2170889.02,112433.12000000001,109225.54000000001,163498.64,307938.88999999996,1477792.83,0,0,0,0,0,0,0,0,0,0,0,23099675.07,0,0,0,0,0,0,14010634.530000001,2749250.34,761921.64,1474086.07,9025376.48,2340037.34,417650.57,234020.75,1257014.68,431351.33999999997,6749003.2,1463273.8,284277.07,623036.9400000001,2347023.19,2031392.2,0,0,0,0,0,0,0,0,0,0,0,31229996.659999996,425889078.96000004,-34728622.28,391160456.68
ATUNTAQUI LIMITADA,340409529.06,1843355.4,34703.07,65807.95,91728.07,170749.06,1480367.25,162863750.04,3754115.41,7579809.74,11657287.290000001,139872537.6,70858060.74,603175.73,1152487.3900000001,5465723.87,63636673.74999999,104572230.63999999,2394367.2600000002,4595029.91,7164707.17,13797995.999999998,76620130.3,272132.24,439.61,896.07,4261.34,266535.22,0,0,0,0,0,0,9676328.49,0,0,0,0,0,0,4322855.91,518343.58999999997,281053.3,402085.9799999999,3121373.04,552520.94,130045.58,8074.09,35634.85,378766.42,4800951.640000001,492453.70999999996,273332.55999999994,405511.46,709249.4900000001,2920404.42,0,0,0,0,0,0,0,0,0,0,0,14539753.71,29820.48,0,0,0,29820.48,0,5761218.350000001,377,293125.26999999996,902788.57,4564927.510000001,1418431.02,1,5174.23,533642.4500000001,879613.34,7330283.86,379,288272.77999999997,1224104.31,2258251.57,3559276.2,0,0,0,0,0,0,0,0,0,0,0,24216082.200000003,364625611.26,-26553115.92,338072495.34
CALCETA LTDA,70770209.38,0,0,0,0,0,0,37041654.78,658091.73,1338541.97,2266711.2,32778309.88,3090962.94,19412.65,43301.1,217168.57,2811080.62,30637591.66,1521349.9100000001,1860207.85,2507432.02,6860938.29,17887663.59,0,0,0,0,0,0,0,0,0,0,0,8064889.65,0,0,0,0,0,0,1907517.2,82075.59999999999,81284.40000000001,119709.98000000001,1624447.22,221086.56,4206.85,2875.27,13350.880000000001,200653.56,5936285.890000001,415363.38999999996,451244.75,611494.33,1120757.02,3337426.4000000004,0,0,0,0,0,0,0,0,0,0,0,4522710.130000001,0,0,0,0,0,0,396548.67000000004,40430.01,69625.65,83973.97,202519.04,7477.640000000001,1371.41,1726.19,4019.28,360.76,4118683.8200000003,375634.37999999995,507124.62000000005,635259.9600000001,1452835.35,1147829.51,0,0,0,0,0,0,0,0,0,0,0,12587599.78,83357809.16,-6512919.6,76844889.56
CHIBULEO LIMITADA,310023198.13,0,0,0,0,0,0,107761796.66,5940602.569999999,7037511.42,9960857.819999998,84822824.85,3709687.88,51727.99,77180.94,399496.65,3181282.3,198551713.59,7238074.15,13123587.25,19787952.439999998,35153085,123249014.75,0,0,0,0,0,0,0,0,0,0,0,24323260.59,0,0,0,0,0,0,3405478.2700000005,498198.41,248860.00999999998,357702.55,2300717.3000000003,563604.74,12017,7529.82,39489.63,504568.29,20354177.58,1517497.26,1440406.89,2124242.14,3543265.91,11728765.38,0,0,0,0,0,0,0,0,0,0,0,13493445.97,0,0,0,0,0,0,1924670.3299999998,5069.41,284310,312250.48,1323040.44,19003.29,0,3947.69,15055.6,0,11549772.350000001,32626.17,1546146.18,1781331.36,3148773.24,5040895.4,0,0,0,0,0,0,0,0,0,0,0,37816706.56,347839904.69,-36529722.23,311310182.46
CHONE LTDA,110570150.3,760211.36,9568.42,20603.16,38767.03,80284.3,610988.45,65193584.59,1354473.59,2444780.88,4006663.6,57387666.52,2007300.13,24371.2,41281.95,206994.34,1734652.64,42609054.22,1585132.97,2518014.56,4315258,8119295.3,26071353.39,0,0,0,0,0,0,0,0,0,0,0,6361047.360000001,19391.239999999998,679.66,692.76,1072.58,2222.65,14723.59,2751615.7200000007,158472.56,141632.37,230016.84999999998,2221493.9400000004,72476.76999999999,459.7,685.28,2206.5299999999997,69125.26,3517563.63,296792.15,288724.92,458557.33,735415.25,1738073.98,0,0,0,0,0,0,0,0,0,0,0,3000060.2399999998,8012.24,0,660.53,979.84,1877.36,4494.51,557529.1799999999,0,135175.56999999998,131022.12,291331.49,375.59000000000003,0,217.52,158.07,0,2434143.23,4,364938.36,377762.21,787328.14,904110.52,0,0,0,0,0,0,0,0,0,0,0,9361107.6,119931257.89999999,-10381059.33,109550198.57
COMERCIO LTDA,112867160.99000001,413231.23,6004.74,13999.6,22111.63,45696.13,325419.13,89696420.44000001,577636.72,3013762.76,4727164.47,81377856.49000001,6340406.2,23501.1,66656,357362.68,5892886.42,16402178.77,550937.47,1035608.67,1436562.38,2726026.27,10653043.979999999,0,0,0,0,0,14924.349999999999,406.25,1341.54,1875.02,2592.73,8708.81,5289101.17,0,0,0,0,0,0,3483183.2800000003,194394.71,187505.44,261857.6,2839425.5300000003,157048.5,2463.17,3356.73,10683.32,140545.28,1648869.3900000001,133776.26,133848.28,192719.09,324869.85,863655.91,0,0,0,0,0,0,0,0,0,0,0,2625265.79,3,0,0,0,0,3,1237011.3399999999,0,182310.13,222282.28,832418.9299999999,16753.519999999997,0,947.54,8071.01,7734.969999999999,1371497.9300000002,6,221944.67,199429.31,319020.56,631097.39,0,0,0,0,0,0,0,0,0,0,0,7914366.959999999,120781527.95,-8323925.58,112457602.37
COOPROGRESO LIMITADA,423023052.13,391430.57,7757.18,18254.37,31618.37,42830.75,290969.9,176444352.38,6079702.38,11535150.76,16290095.86,142539403.38,25431120.92,373465.83,682383.43,3093951.39,21281320.27,220756148.26,4880062.49,9466380.06,15011430.969999999,28906771.15,162491503.59,0,0,0,0,0,0,0,0,0,0,0,62407181.230000004,0,0,0,0,0,0,19309602.17,1456949.5899999999,1252666.94,1858630.7600000002,14741354.88,2855488.7800000003,88984.70999999999,61054.95,287561.29,2417887.83,40242090.28,2500787.31,2480384.77,3695067.2,6435868.029999999,25129982.970000003,0,0,0,0,0,0,0,0,0,0,0,22067440.379999995,334.75,0,0,0,0,334.75,6834490.449999999,16181.890000000001,1205409.98,1456982.6,4155915.98,469607.01,0,28791.39,210474.21,230341.41,14763008.169999998,37560.83,2302947.32,2829411.46,4417419.4399999995,5175669.12,0,0,0,0,0,0,0,0,0,0,0,84474621.61,507497673.73999995,-24529175.65,482968498.09
DE LA PEQUEÑA EMPRESA BIBLIAN LIMITADA,365963495.11,8974383.49,364167.27,708346.07,775657.43,1410184.86,5716027.86,267906326.51,7324177.75,12168096.87,18456216.95,229957834.94,35983689.82,191203.91,331633.15,1517909.77,33942942.99,53099095.29,1698175.49,2578266.9,3829409.85,7142244.73,37850998.32,0,0,0,0,0,0,0,0,0,0,0,23440443.07,528207.48,25224.26,23583.38,39513.54,81868.42,358017.88,16458174.68,929402.37,856470.08,1283412.96,13388889.27,1290571.4100000001,12785.13,19147.25,61807.68,1196831.35,5163489.5,334379.91,305658.82,456852.96,774971.29,3291626.52,0,0,0,0,0,0,0,0,0,0,0,14692414.990000002,1042398.96,5377.65,101465.55,145265.68,256837.58,533452.5,8984166.09,161332.03,1124510.1,1255315.45,6443008.51,851045.31,6241.71,17620.44,62686.4,764496.76,3814804.63,74568.11,440101.09,475727.82,795423.6,2028984.01,0,0,0,0,0,0,0,0,0,0,0,38132858.06,404096353.17,-43521042.48,360575310.69
DE LA PEQUEÑA EMPRESA CACPE LOJA LTDA,86983516.61000001,0,0,0,0,0,0,61881518.980000004,1378677.6199999999,2695224.96,4066802.41,53740813.99,2256769.9699999997,18254.26,39432.35,180971.88,2018111.48,22845227.660000004,473498.66000000003,1090702.0399999998,1514456.48,2830843.22,16935727.26,0,0,0,0,0,0,0,0,0,0,0,2619675.38,0,0,0,0,0,0,1680794.6,91952.29,99026.69,153329.73,1336485.8900000001,0,0,0,0,0,938880.78,42044.78,50560.09,68618.5,136670.93,640986.48,0,0,0,0,0,0,0,0,0,0,0,1981600.5699999998,0,0,0,0,0,0,1500636.96,7704.17,106970.83,112500.58,1273461.38,9,0,0,4,5,480954.61,11684.23,61955.11,78019.93,89774.39,239520.95,0,0,0,0,0,0,0,0,0,0,0,4601275.95,91584792.56,-6263228.76,85321563.8
DE LA PEQUEÑA EMPRESA DE COTOPAXI LIMITADA,305460681.4,7610877.28,207208.74,298076.89,459743.28,966775.46,5679072.91,155785444.01999998,3609471.7600000002,6877450.75,10378371.96,134920149.54999998,6779449.54,79537.56,141462.41,653098.28,5905351.29,135284910.56,3800809.4099999997,6415817.779999999,10199526.2,18718408.72,96150348.45,0,0,0,0,0,0,0,0,0,0,0,27727230.000000004,128121.59,4296.54,35139.95,6750.28,13982.97,67951.85,9337276.55,444507.61,418600.41,645209.49,7828959.04,375358.55,7652.25,11183.54,36436.22,320086.54,17886473.310000002,987641.26,945949.91,1443632.04,2635866.28,11873383.82,0,0,0,0,0,0,0,0,0,0,0,10360288,105973.15,0,25350.07,11672.85,21684.29,47265.94,2839762.0200000005,7,427920.3,508710.25,1903124.4700000002,29949.25,0,3715.12,20256.73,5977.4,7384603.58,14,976062.85,1180625.39,1947006.3399999999,3280895,0,0,0,0,0,0,0,0,0,0,0,38087518,343548199.4,-56004164.89,287544034.51
DE LA PEQUEÑA EMPRESA DE PASTAZA LIMITADA,227926306.11999997,0,0,0,0,0,0,81414178.67,2167580.8600000003,4239666.81,5977152.44,69029778.56,12002976.549999999,92388.25,175568.51,826409.25,10908610.54,134509150.89999998,3734751.3899999997,6966096.329999999,10782504.87,18639296.380000003,94386501.92999999,0,0,0,0,0,0,0,0,0,0,0,8025271.5600000005,0,0,0,0,0,0,2019179.7800000003,133055.76,120525.18,171724.7,1593874.1400000001,114789.86,674.58,1057.78,3430.55,109626.95,5891301.92,366281.27,316438.66,506124.62,905305.41,3797151.96,0,0,0,0,0,0,0,0,0,0,0,3463784.04,0,0,0,0,0,0,881440.2999999999,2,123789.46,141465.17,616183.6699999999,16104.369999999999,0,373.07,4503.389999999999,11227.91,2566239.37,6,384174.62,398199.52999999997,679697.76,1104161.46,0,0,0,0,0,0,0,0,0,0,0,11489055.600000001,239415361.72000003,-14786438.89,224628922.83
DE LA PEQUEÑA EMPRESA GUALAQUIZA,98245212.94,0,0,0,0,0,0,46880938.78,1076331.55,1944931.14,3099462.5300000003,40760213.56,1906214.78,15522.179999999998,23038.539999999997,116002.98999999999,1751651.07,49458059.379999995,1020110.02,1663636.89,2598769.2,5155418.24,39020125.029999994,0,0,0,0,0,0,0,0,0,0,0,2657775.51,0,0,0,0,0,0,1268862.97,78980.43000000001,70928.06,111201.3,1007753.1799999999,0,0,0,0,0,1388912.54,68406.65,68946.61,110831.98,199871.28000000003,940856.02,0,0,0,0,0,0,0,0,0,0,0,1091354.44,0,0,0,0,0,0,607594.28,0,71627.18999999999,83490.96,452476.13,8,0,0,0,8,483752.16,0,64053.95,69187.62,132549.27,217961.32,0,0,0,0,0,0,0,0,0,0,0,3749129.95,101994342.89,-5832589.56,96161753.33
DE LOS SERVIDORES PUBLICOS DEL MINISTERIO DE EDUCACION Y CULTURA,238106374.88,0,0,0,0,0,0,238106374.88,6015383.970000001,4947656.74,14578978.88,212564355.29,0,0,0,0,0,0,0,0,0,0,0,0,0,0,0,0,0,0,0,0,0,0,1812585.5999999999,0,0,0,0,0,0,1812585.5999999999,140397.84,55527.39,155880.51,1460779.8599999999,0,0,0,0,0,0,0,0,0,0,0,0,0,0,0,0,0,0,0,0,0,0,1212454.46,0,0,0,0,0,0,1212454.46,15793.95,155334.93,210233.23,831092.35,0,0,0,0,0,0,0,0,0,0,0,0,0,0,0,0,0,0,0,0,0,0,3025040.06,241131414.94,-9360965.77,231770449.17
EL SAGRARIO LTDA,157930305.12,5770330.949999999,233615.93,285123.43,618925.96,784252.62,3848413.01,94780058.58,2997157.12,5474043.44,7986303.92,78322554.1,22137252.65,267225.87,453801.04,2084063.68,19332162.06,35242662.94,913133.4899999999,1523321.4400000002,2324445.42,4501371.21,25980391.38,0,0,0,0,0,0,0,0,0,0,0,9105558.2,263718.1,4080.73,17345.18,6475.95,12850.53,222965.71,4358434.72,422772.74000000005,367328.23000000004,519379.06,3048954.69,1061503.9400000002,13988.81,20152.55,66413.12,960949.4600000001,3421901.44,242946.74000000002,211986.36999999997,314021.02999999997,522977.68000000005,2129969.62,0,0,0,0,0,0,0,0,0,0,0,6558104.2700000005,33071.48,0,16582.26,3854.95,7410.83,5223.44,4094980.63,0,409448.49,576644.22,3108887.92,82203.84000000001,0,7051.660000000001,43874.36,31277.820000000003,2347848.3200000003,0,235572.99,328304.55,633081.03,1150889.75,0,0,0,0,0,0,0,0,0,0,0,15663662.47,173593967.59,-17479940.25,156114027.34
ERCO LIMITADA,148708442.79,0,0,0,0,0,0,89504515.63999999,2488968.0399999996,4289175.46,6565049.68,76161322.46,3009656.0100000002,23141.86,36610.7,182591.59000000003,2767311.8600000003,56194271.14,1675558.5,2781047.3899999997,4361731.91,8296475.61,39079457.73,0,0,0,0,0,0,0,0,0,0,0,9372011.84,0,0,0,0,0,0,4049508.9699999997,275702.29,249279.81,381843.49,3142683.38,77983.04000000001,2732.54,1638.74,6682.66,66929.1,5244519.83,395561.07,353973.77,524403.68,903663.25,3066918.06,0,0,0,0,0,0,0,0,0,0,0,4130667.38,0,0,0,0,0,0,1438859.47,1,229941.17,240280.31,968636.99,2121.4,1,889.11,671.6700000000001,559.62,2689686.51,0,355020.07999999996,397802.91,745252.34,1191611.18,0,0,0,0,0,0,0,0,0,0,0,13502679.220000003,162211122.01,-15689380.64,146521741.37
FERNANDO DAQUILEMA LIMITADA,469723316.5999999,13432148.54,179995.44,343206.28,564226.07,1070628.32,11274092.43,134750841.78,4361231.39,6750475.69,10364338.89,113274795.81,15052674.85,164838.93,298755.73,1426369.62,13162710.57,306487651.42999995,11667850.96,21314606.01,31062186.580000002,51160110.739999995,191282897.14,0,0,0,0,0,0,0,0,0,0,0,21376118.849999998,184375.06,4495.98,4578.43,7101.09,14642.08,153557.48,5233286.52,354944.16,351280.27,528415.84,3998646.25,387972.58,8327.8,12390.6,37320.729999999996,329933.45,15570484.69,1458131.99,1380898.12,1919279.31,3075720.52,7736454.75,0,0,0,0,0,0,0,0,0,0,0,14467643.12,37596.71000000001,0,4360.47,5689.36,7852.57,19694.31,2289631.0999999996,4302.97,348330.44,435901.29,1501096.4,50721.61,0,3839.62,25188.38,21693.61,12089693.7,13518.1,1461363.27,1847524.79,3113903.24,5653384.3,0,0,0,0,0,0,0,0,0,0,0,35843761.97,505567078.57,-35638013.58,469929064.99
INDIGENA SAC LTDA,136377984.95999998,0,0,0,0,0,0,42190960.22,1140468.44,2238161.5999999996,3348501.7600000002,35463828.42,13484.92,759.66,1543.07,7295.66,3886.53,94173539.82,3180099.94,5901410.61,8875971.73,16111449.3,60104608.24,0,0,0,0,0,0,0,0,0,0,0,4959717.37,0,0,0,0,0,0,662988.79,73667.86,54890.63,71744.87,462685.43000000005,2106,108,162,486,1350,4294622.58,381463.23,287252.65,418799.98,758589.08,2448517.64,0,0,0,0,0,0,0,0,0,0,0,5876076.63,0,0,0,0,0,0,784866.12,11895.27,101492.69,125254.56000000001,546223.6,438,0,54,378,6,5090772.51,79620.71999999999,585762.2699999999,731587.6200000001,1217990.0400000003,2475811.86,0,0,0,0,0,0,0,0,0,0,0,10835794.000000002,147213778.96,-11242835.13,135970943.83
JARDIN AZUAYO LIMITADA,1199699225.52,11366918.950000001,265384.9,434909.04000000004,735396.31,1411627.98,8519600.72,858970050.0299999,23006544.389999997,44895036.78,65398539.82999999,725669929.0299999,57146335.89999999,442914.48,878662.9700000001,4287133.029999999,51537625.419999994,272215920.64,8353844.569999999,14666151.43,21696264.97,39732668.79000001,187766990.88,0,0,0,0,0,0,0,0,0,0,0,60538908.70999999,834235.28,17548.79,31830.329999999998,45930.92999999999,137717.01,601208.22,43051536.9,1225214.1199999999,2143916.19,3225831.1499999994,36456575.44,1931390.16,15640.6,28773.32,138505.78000000003,1748470.46,14721746.370000001,557156.4500000001,908696.14,1268978.69,2345202.0100000002,9641713.08,0,0,0,0,0,0,0,0,0,0,0,20685780.77,242153.59,15717.9,78042.32,36921.270000000004,33255.69,78216.41,12431032.870000001,1104392.7400000002,1946430.25,1897843.21,7482366.67,162718.6,13810.25,27840.030000000002,67630.18,53438.14000000001,7849875.709999999,459842.54,883486.27,943027.6,1852933.3499999999,3710585.9499999997,0,0,0,0,0,0,0,0,0,0,0,81224689.48,1280923915,-160195577.25,1120728337.75
JUVENTUD ECUATORIANA PROGRESISTA LIMITADA,2136219836.0399997,188105165.53,2963112.3100000005,11360395.98,18645263.43,25286589.18,129849804.63000001,1268687347.1799998,118513877.04999998,73576063.9,95570662.91999999,981026743.31,478585835.24,4978903.03,8641415.319999998,40781287.68,424184229.21000004,200841488.08999997,5642665.54,10352458.69,15195561.35,28917267.459999997,140733535.04999998,0,0,0,0,0,0,0,0,0,0,0,106961333.83000001,72029.8,21950.27,3719.7299999999996,5402.700000000001,9477.92,31479.18,66994294.09,5755586.26,3423613.77,4968065.04,52847029.02,20235853.07,3173205.4899999998,314248.33999999997,1499906.8800000001,15248492.36,19659156.869999997,1436632.5899999999,1127067.6300000001,1646699.58,3061798.56,12386958.509999998,0,0,0,0,0,0,0,0,0,0,0,52010551.34,259673,0,8102.87,7301.610000000001,162432.88999999998,81835.63,35371210.24,4773.94,4671113.56,6211629.0200000005,24483693.720000003,6435433.46,1,542149.34,3547893.78,2345389.3400000003,9944234.64,9,1494881.69,1668488.92,3457629.93,3323225.1,0,0,0,0,0,0,0,0,0,0,0,158971885.17000002,2295191721.21,-163484259.6,2131707461.61
KULLKI WASI LTDA,234762579.71999997,0,0,0,0,0,0,71916129.13000001,2431618.05,4844855.9799999995,7044595.19,57595059.91000001,0,0,0,0,0,162846450.58999997,5655110.46,9984562.76,15295208.100000001,28672650.74,103238918.52999999,0,0,0,0,0,0,0,0,0,0,0,16749089.47,0,0,0,0,0,0,1490184.56,139128.06,127314.76000000001,182468.75,1041272.9900000001,0,0,0,0,0,15258904.91,1083693.27,1052849.2,1540776.4999999998,2813531.1599999997,8768054.780000001,0,0,0,0,0,0,0,0,0,0,0,8402855.49,0,0,0,0,0,0,1021381.23,1690.14,137805.03999999998,178700.63,703185.42,0,0,0,0,0,7381474.26,6,1003461.42,1241050.87,2056124.62,3080831.35,0,0,0,0,0,0,0,0,0,0,0,25151944.96,259914524.68,-17053595.09,242860929.59
LA MERCED LIMITADA,103317269.94,584909.75,11503.37,18721.53,32507.04,65026.32,457151.49,64065451.4,1729318.9,3012347.61,4201366.109999999,55122418.78,1630355.5599999998,16830.89,32989.3,145304.97,1435230.4,37036553.230000004,826325.9800000001,1442451.75,2237733.0300000003,4315140.83,28214901.640000004,0,0,0,0,0,0,0,0,0,0,0,5476343.8100000005,13029.99,3132.59,1979.45,1228.93,2557.54,4131.48,2396618.16,164528.82,142060.42,210223.61,1879805.31,35188.43,346.27,466.76,1583.4099999999999,32791.99,3031507.23,209016.44999999998,187068.93999999997,285548.98,499588.37000000005,1850284.49,0,0,0,0,0,0,0,0,0,0,0,1570124.03,31693.64,0,2688.3199999999997,3378.99,6478.32,19148.01,591074.56,0,125489.45,77157.6,388427.51,641.74,0,164.55,475.19,2,946712.09,0,171705.56999999998,140498.68,249377.93,385129.91000000003,0,0,0,0,0,2,0,0,0,0,2,7046467.84,110363737.78,-5615281.84,104748455.94
LUCHA CAMPESINA,77085919.47999999,0,0,0,0,0,0,21726686.16,748764.92,1495917,2216054.78,17265949.46,19522.519999999997,659.46,1342.0700000000002,5330.73,12190.259999999998,55339710.8,1905245.6700000002,3791420.5900000003,5345554.82,10471325.139999999,33826164.58,0,0,0,0,0,0,0,0,0,0,0,1047830.29,0,0,0,0,0,0,216144.09999999998,31057.09,27327.13,34940.42,122819.45999999999,0,0,0,0,0,831686.1900000001,94019.39,89651.14,121690.5,193507.79,332817.37,0,0,0,0,0,0,0,0,0,0,0,933319.83,0,0,0,0,0,0,179095.36,0,28131.64,31769.98,119193.73999999999,2,0,0,0,2,754222.47,1,90829.37,98870.54000000001,183806.16,380715.39999999997,0,0,0,0,0,0,0,0,0,0,0,1981150.1199999996,79067069.60000001,-2596390.37,76470679.23
MUSHUC RUNA LTDA,423111148.2,4057618.6599999997,74722.16,126460.55,806015.4199999999,446230.81000000006,2604189.7199999997,179440738.85999998,5339783.590000001,8386324.7,11944858.899999999,153769771.67,57372428.870000005,468584.02999999997,733062.23,3646570.84,52524211.77,182240361.81,7687577.68,13851072.91,18098675.34,31687583.22,110915452.66,0,0,0,0,0,0,0,0,0,0,0,30052154.28,441634.8,19200.18,6944.44,23129,20833.32,371527.86,10080958.749999998,418643.54000000004,393317.72,604508.4299999999,8664489.059999999,611227.8,7410.35,5057.42,23696.870000000003,575063.16,18918332.93,1443778.31,1336430.94,1956958.54,3399798.95,10781366.19,0,0,0,0,0,0,0,0,0,0,0,10013968.780000001,38405.75,0,6944.44,22067.54,9390.77,3,2405626.66,152,403893.54000000004,431791.02999999997,1569790.09,30520.58,8,2395.58,14591.890000000001,13525.11,7539415.790000001,1435.07,1401661.6700000002,1455751.6199999999,2347922.36,2332645.07,0,0,0,0,0,0,0,0,0,0,0,40066123.06,463177271.26,-45772671.08,417404600.18
ONCE DE JUNIO LTDA,98859650.1,951316.9099999999,30866.82,52740.11,81270.87,168520.21,617918.8999999999,31722213.489999995,1000058.5099999999,1860028.8199999998,2397067.54,26465058.619999997,13175496.43,130827.54,230329.9,1127624.46,11686714.53,53010623.27,1691158.47,2854289.9699999997,4397115.930000001,8395829.4,35672229.5,0,0,0,0,0,0,0,0,0,0,0,3406026.02,0,0,0,0,0,0,886092.26,81638.76,82312.51999999999,107504.96,614636.02,138514.3,2389.77,3596.25,11526.11,121002.17,2381419.46,201255.08,181638.49,259606.89,454191.47,1284727.5299999998,0,0,0,0,0,0,0,0,0,0,0,11468653.09,0,0,0,0,0,0,3022206.29,82886.88,234009.59,319413.22000000003,2385896.6,1010086.4500000002,15869.57,32585.13,135872.88,825758.8700000001,7436360.35,224604.69999999998,593671.53,796215.17,1406629.91,4415239.04,0,0,0,0,0,0,0,0,0,0,0,14874679.110000001,113734329.21000001,-14443876.29,99290452.92
OSCUS LIMITADA,388763950.07000005,11433929.25,354161.93,547506.49,840859.37,1604755.73,8086645.73,107164834.87999998,5619764.76,5774912.11,8488606.79,87281551.21999998,54225843.160000004,614178.8099999999,1067162.09,4872963.24,47671539.02,215939342.78000003,6624247.77,10516715.35,16167318.34,30580327.740000002,152050733.58,0,0,0,0,0,0,0,0,0,0,0,30925031.97,689676.3700000001,42500.69,24728.73,36607.66,88732.92,497106.37000000005,4994176.399999999,453701.56,390715.78,551411.4199999999,3598347.6399999997,1476623.5200000003,30619.420000000002,42579.700000000004,121914.15,1281510.2500000002,23764555.68,1395235.15,1322657.02,1993515.81,3533325.8099999996,15519821.889999999,0,0,0,0,0,0,0,0,0,0,0,15558844.52,187678.57,0,25891.84,31889.79,69638.35,60258.590000000004,5445458.94,0,289615.85,538945.01,4616898.08,131532.09999999998,0,13969.900000000001,85658.06,31904.14,9794174.91,0,1357075.15,1605474.97,2762166.64,4069458.15,0,0,0,0,0,0,0,0,0,0,0,46483876.49,435247826.56,-49131006.13,386116820.43
PABLO MUÑOZ VEGA LIMITADA,213596850.86,845349.8300000001,23876.78,38489.76,89969.64,60721.62,632292.03,136808872.21,2785780.74,5225034.859999999,8323359.99,120474696.62,21553676.97,214711.56999999998,394635.67,1904225.57,19040104.16,54388951.85,1409400.04,2306612.59,3903051.79,7137647.62,39632239.81,0,0,0,0,0,0,0,0,0,0,0,13847094.94,387783.81,0,183010.44,0,0,204773.37,6510479.84,345324.83,333718,504064.68,5327372.33,770061.9199999999,15905.08,23077.69,72886.54000000001,658192.61,6178769.37,347650.70999999996,327160.49,507431.39,892863.1,4103663.68,0,0,0,0,0,0,0,0,0,0,0,3364024.8999999994,418549.14999999997,0,66062.81,64276.49,288209.85,0,1270534.0299999998,2,296281.92,293354.11000000004,680895.9999999999,65072.21,0,7166.26,32970.56,24935.39,1609869.5099999998,3.0700000000000003,319272.62,355435.36999999994,454569.51,480588.94,0,0,0,0,0,0,0,0,0,0,0,17211119.84,230807970.7,-5001675.45,225806295.25
PADRE JULIAN LORENTE LTDA,116671138.9,1,0,0,0,0,1,81827523.03,2243972.13,3684497.35,5718186.5200000005,70180867.03,2737791.16,22231.24,40490.18,180330.03,2494739.71,32105823.71,1230169.3599999999,2229865.0600000005,2962034.5500000003,4883078.84,20800675.9,0,0,0,0,0,0,0,0,0,0,0,4557009.6,0,0,0,0,0,0,2726197.2,186313.21999999997,171669.97999999998,264471.25,2103742.75,52315.6,5450.2,3717.33,12042.14,31105.93,1778496.7999999998,153796.05,144007.91,216463.4,334797.57,929431.87,0,0,0,0,0,0,0,0,0,0,0,1501087.4899999998,5,0,0,0,0,5,700609.1399999999,53,200965.75,142889.85,356700.54,5648.33,1,1780.55,3866.78,0,794825.0199999999,726.46,171649.12000000002,171666.91,263262.94,187519.59,0,0,0,0,0,0,0,0,0,0,0,6058097.09,122729235.99,-5410585.97,117318650.02
PILAHUIN TIO LIMITADA,196271556.7,0,0,0,0,0,0,76350191.08,1724816.13,2759020.61,4578906.53,67287447.81,114476.27,1577.66,3199.4,14847.130000000001,94852.08,119806889.35,2179671.48,4396948.37,7520436.69,14734031.28,90975801.53,0,0,0,0,0,0,0,0,0,0,0,4716983.35,0,0,0,0,0,0,1269291,129863.73,108813.8,151894.59999999998,878718.8700000001,0,0,0,0,0,3447692.35,326934.82,297316.2,402152.51,663354.84,1757933.98,0,0,0,0,0,0,0,0,0,0,0,1954460.19,0,0,0,0,0,0,593529.35,0,114056,136528.38999999998,342944.95999999996,0,0,0,0,0,1360930.8399999999,0,329414.78,394401.58,413519.35,223595.13,0,0,0,0,0,0,0,0,0,0,0,6671443.540000001,202943000.23999998,-8457098.48,194485901.76
POLICIA NACIONAL LIMITADA,927959988.74,35142098.480000004,337433.47000000003,1192820.78,3118614.42,6014148.08,24479081.73,816887907.5699999,33377211.77,38722888.28,54762804.86999999,690025002.65,50310133.98,356838.19,690102.7200000001,3095158.6,46168034.47,23569863.1,815719.1900000001,1445821.57,2181730.3600000003,4233794.649999999,14892797.33,2049985.61,6873.21,13426.68,63489.44,1966196.28,0,0,0,0,0,0,113534742.36000001,21424831.71,646486.11,1999658.63,907402.1,2954946.96,14916337.91,80804043.64,4876547.2,4295259.99,6438866.68,65193369.77,3341771.5400000005,73854.03,47142.38,204613.96,3016161.1700000004,7848778.82,411281.35000000003,413137.37,578958.6,1109139.34,5336262.16,115316.65,843.25,575.32,2688.13,111209.95,0,0,0,0,0,0,45259095.4,15426183.969999999,0,787943.43,2311631.4000000004,1665017.5199999998,10661591.62,26707136.9,0,3106379.3,5701455.709999999,17899301.89,331945.82999999996,0,21281.670000000002,165737.00999999998,144927.15,2787457.6100000003,0,376663.24,479210.13,696369.56,1235214.6800000002,6371.09,0,0,2511.3,3859.79,0,0,0,0,0,0,158793837.76,1086753826.5,-63660824.3,1023093002.2
RIOBAMBA LTDA,363023493.28000003,9234815.58,186056.61000000002,350396.23000000004,554620.45,1072074.63,7071667.66,63739018.64,2048769.0199999998,3953395.13,5520335.33,52216519.16,42989856.97,430641.37,809901.2,3802855.1300000004,37946459.269999996,247059802.09000003,6473393.54,11769245.02,17770272.75,32761114.98,178285775.8,0,0,0,0,0,0,0,0,0,0,0,11382050.21,96457.45,11454.24,11380.1,17581.199999999997,21863.83,34178.08,1513821.9,135040.32,120716.02,173081.99,1084983.5699999998,481745.63999999996,16524.870000000003,22688.77,57488.479999999996,385043.51999999996,9290025.22,598328.32,535631.67,798876.21,1380964.96,5976224.0600000005,0,0,0,0,0,0,0,0,0,0,0,4212086.98,50630.46000000001,0,9680.98,11227.41,15880.41,13841.66,675192.56,1,113675.94,116499.76000000001,445015.86,86969.18,0,7751.950000000001,32207.850000000002,47009.38,3399294.7800000003,6,522022.4,555883.73,871008.46,1450374.1900000002,0,0,0,0,0,0,0,0,0,0,0,15594137.190000001,378617630.47,-23241051.03,355376579.44
SAN FRANCISCO LTDA,425527317.01000005,4671946.49,160778.23,203092.18,297332.58,482321.89,3528421.61,255657433.33,7461406.920000001,14287949.54,21213799.03,212694277.84,23766096.07,212331.91,415197.89,1930751.2,21207815.07,141431841.12,4911223.75,8694881.23,12836809.28,24202416.200000003,90786510.66,0,0,0,0,0,0,0,0,0,0,0,9994401.51,33553.92,6250.15,6372.23,5771.54,4023.5,11136.5,5921714.59,426164.08,391954.70999999996,593671.0800000001,4509924.72,64619.23,2156.53,2743.98,7922.28,51796.44,3974513.77,316295.75,305059.93,459393.14,769921.25,2123843.7,0,0,0,0,0,0,0,0,0,0,0,12833306.350000001,5524.68,0,5521.68,0,0,3,7260827.86,324071.47,922580.8099999999,1018234.01,4995941.57,400817.99,6770.13,13904.49,47408.119999999995,332735.25,5166135.82,254433.77,744608.59,819107.6,1243507.46,2104478.4,0,0,0,0,0,0,0,0,0,0,0,22827707.86,448355024.87,-69579119.21,378775905.66
SAN JOSE LIMITADA,178672050.31,0,0,0,0,0,0,98094107.5,2546117.0399999996,4221153.8,6176398.999999999,85150437.66,11168588.83,75671.11,120177.39,609201.8300000001,10363538.5,69409353.97999999,2824745.56,5081367.91,6752039.859999999,8227006.24,46524194.41,0,0,0,0,0,0,0,0,0,0,0,13207978.79,0,0,0,0,0,0,5644126.839999999,212253.03999999998,199559.31999999998,314906.77999999997,4917407.699999999,297022.74,1230.73,1724.66,6046.54,288020.81,7266829.21,317083.75,277332.44999999995,453311.57,841722.4700000001,5377378.97,0,0,0,0,0,0,0,0,0,0,0,5728678.93,0,0,0,0,0,0,1829224.89,1,263569.72000000003,270799.74,1294854.43,5907.54,0,558.62,3649.09,1699.83,3893546.5,0,549303.1,535819.6399999999,935107.31,1873316.45,0,0,0,0,0,0,0,0,0,0,0,18936657.72,197608708.02999997,-24993882.33,172614825.7
SANTA ROSA LIMITADA,107863733.55,35569838.199999996,439518.95,290265.11,1173344.8900000001,2059891.54,31606817.709999997,57792157.980000004,1692567.3199999998,1705689.72,2647424.87,51746476.07,1154324.85,3450.24,5882.4400000000005,71009.48999999999,1073982.6800000002,13347412.52,419581.78,678094.49,1065037.56,2075056.88,9109641.81,0,0,0,0,0,0,0,0,0,0,0,8144907.559999999,104643.35,5021.31,12109.26,15069.85,25075.9,47367.03,4209733.84,280027.56,268309.97000000003,394037.75,3267358.56,52378.18,1620.48,2183.81,7759.400000000001,40814.49,3778152.19,279976.25999999995,258036.86000000002,432056.04000000004,609298.76,2198784.27,0,0,0,0,0,0,0,0,0,0,0,4942615.75,47691.76,0,9312.72,1821.05,11438.16,25119.83,2546285.89,0,317536.88,344457.52,1884291.49,12452.369999999999,0,792.99,6338.719999999999,5320.66,2336185.7300000004,0,330339.88999999996,387595.6,729254.63,888995.6100000001,0,0,0,0,0,0,0,0,0,0,0,13087523.309999999,120951256.86000001,-12998819.57,107952437.29
TULCAN LIMITADA,275178417.79999995,0,0,0,0,0,0,150682708.35,3925023.16,6960390.06,10240426.95,129556868.17999999,43530477.989999995,417762.31,728748.75,3487068.3899999997,38896898.54,80965231.46000001,2177315.29,3698320.1500000004,5774545.85,11130032.96,58185017.21,0,0,0,0,0,0,0,0,0,0,0,6305191.68,0,0,0,0,0,0,3407680.4299999997,205424.89999999997,178018.22,275842.8,2748394.51,237076.97000000003,7695.11,3651.2099999999996,20770.320000000003,204960.33000000002,2660434.2800000003,164202.37000000002,150449.09,234064.94,385292.07999999996,1726425.8,0,0,0,0,0,0,0,0,0,0,0,12150718.64,0,0,0,0,0,0,7040372.800000001,232921.72999999998,879106.1399999999,954891.11,4973453.82,456986.58999999997,0,87532.93,217261.36,152192.3,4653359.25,203735.37,590587.35,527735.34,1314673.28,2016627.91,0,0,0,0,0,0,0,0,0,0,0,18455910.32,293634328.12,-25726483.18,267907844.94
VICENTINA MANUEL ESTEBAN GODOY ORTEGA LIMITADA,230396145.97,13907884.74,231375.29,392849.31,611372.12,1235182.2,11437105.82,144827533.81,2793283,5543127.43,8241305.82,128249817.56,74443.73,4588.07,8352.42,37315.83,24187.41,71586283.69,1247569.6,2209403.86,3330319.87,6374842.42,58424147.94,0,0,0,0,0,0,0,0,0,0,0,11541424.9,1039919.4299999999,21584.53,23271.76,36197.89,71055.16,887810.09,4509493.99,190527.31,196861.65,299170.23,3822934.8,0,0,0,0,0,5992011.48,196928.89,200732.83,305212.75,577890.19,4711246.82,0,0,0,0,0,0,0,0,0,0,0,10644292.94,1577474.66,0,389495.79,225101.24,377585.44,585292.19,3154800.1999999997,134616.09,303094.36,552247.85,2164841.9,3,0,0,0,3,5912015.08,50574.14,595737.91,1117220.6,581903.81,3566578.62,0,0,0,0,0,0,0,0,0,0,0,22185717.840000004,252581863.81,-29879437.55,222702426.26
VIRGEN DEL CISNE,88942260.01,0,0,0,0,0,0,19413986.78,610426.1900000001,1315436.37,1832670.2400000002,15655453.98,397338.66000000003,7929.38,13209.25,67031.28,309168.75,69130934.57000001,2949152.49,5844132.380000001,7666638.9399999995,14188516.13,38482494.63,0,0,0,0,0,0,0,0,0,0,0,1716960.18,0,0,0,0,0,0,294973.69999999995,22688.789999999997,20781.36,33095.98,218407.56999999998,0,0,0,0,0,1421986.48,145423.46999999997,139474.02,206112.97999999998,302300.76999999996,628675.24,0,0,0,0,0,0,0,0,0,0,0,3629016.46,0,0,0,0,0,0,418140.43,16440,50258.270000000004,57269.99,294172.17,0,0,0,0,0,3210876.03,105583.78,373107.84,430252.8,412817.38,1889114.23,0,0,0,0,0,0,0,0,0,0,0,5345976.64,94288236.65,-6621620.56,87666616.09
